,objectid,energiomraadeid,bygningsomraadeid,har_grunnvarme,har_fjernvarme,har_adresse,bygning_id,bygningstype_navn,profet_bygningstype,profet_bygningsstandard,bruksareal_totalt,bebygd_areal,antall_etasjer,x,y,grunnvarme,solceller,luft_luft_varmepumpe,fjernvarme,oppgraderes,varme_finnes,har_eksisterende_data,_termisk_energibehov,_elektrisk_energibehov,_romoppvarming_energibehov,_tappevann_energibehov,_elspesifikt_energibehov,_kompressor,_levert_fra_kilde,_spisslast,_fjernvarmeproduksjon,_solcelleproduksjon,grunnvarme_meter,grunnvarme_kostnad,_nettutveksling_energi_liste,_nettutveksling_energi,_nettutveksling_vintereffekt,_nettutveksling_sommereffekt,_termisk_energibehov_sum,_levert_fra_kilde_sum,_fjernvarmeproduksjon_sum,_elektrisk_energibehov_sum,_kompressor_sum,_spisslast_sum,_solcelleproduksjon_sum,_termisk_energibehov_vintereffekt,_levert_fra_kilde_vintereffekt,_fjernvarmeproduksjon_vintereffekt,_elektrisk_energibehov_vintereffekt,_kompressor_vintereffekt,_spisslast_vintereffekt,_solcelleproduksjon_vintereffekt,_termisk_energibehov_sommereffekt,_levert_fra_kilde_sommereffekt,_fjernvarmeproduksjon_sommereffekt,_elektrisk_energibehov_sommereffekt,_kompressor_sommereffekt,_spisslast_sommereffekt,_solcelleproduksjon_sommereffekt,scenario_navn
0,1,A,P2,,,OMT72,520146,Annen forretningsbygning,Andre,Eldre,3774,0,4,10.733188,59.963944,False,False,False,False,False,False,False,[30.1557696 29.2077408 30.1044432 ... 34.9915845 34.7381604 34.9481835],[18.2348358 17.5838208 17.5338153 ... 19.1655042 19.0215261 18.1999263],[57.323286  55.5272394 57.3881988 ... 65.8302594 65.8736604 66.431835 ],[2.9882532 2.8882422 2.8206876 ... 4.1529096 3.6026604 3.464532 ],[36.4696716 35.1676416 35.0676306 ... 38.3310084 38.0430522 36.3998526],0,0,0,0,0,0.0,0.0,[48.3906054 46.7915616 47.6382585 ... 54.1570887 53.7596865 53.1481098],488700.0,68.0,53.0,236365.10333940003,0.0,0,252356.142915,0.0,0.0,0.0,12.1319004,0.0,0,55.4221335,0.0,0.0,0.0,14.2968555,0.0,0,39.070335,0.0,0.0,0.0,Referansesituasjon
1,31,A,P1,,,OMT62,562854,Studenthjem/studentboliger,Hus,Eldre,2012,0,5,10.732332,59.963686,True,False,False,False,False,True,True,[16.2   14.775 14.475 ... 16.4   15.95  14.9  ],[9.125 9.125 9.125 ... 9.125 9.125 9.125],[32.4  29.55 28.95 ... 32.8  31.9  29.8 ],"[45.44820832 45.68488653 48.62089472 ... 39.42040376 37.79661148
 34.49510024]",[18.25 18.25 18.25 ... 18.25 18.25 18.25],[4.62857143 4.22142857 4.13571429 ... 4.68571429 4.55714286 4.25714286],"[-11.57142857 -10.55357143 -10.33928571 ... -11.71428571 -11.39285714
 -10.64285714]",[0. 0. 0. ... 0. 0. 0.],0,0,708.0,424800.0,"[13.75357143 13.34642857 13.26071429 ... 13.81071429 13.68214286
 13.38214286]",101600.0,8.0,9.0,79331.5,56665.357142857145,0,78977.65,22666.142857142855,0.0,0.0,0.0,0.0,0,8.475,0.0,0.0,0.0,0.125,0.08928571428571429,0,9.125,0.03571428571428571,0.0,0.0,Referansesituasjon
2,32,A,E,,,OMT66,562855,Studenthjem/studentboliger,Hus,Eldre,1672,0,5,10.732333,59.963363,False,True,False,False,False,False,True,[10.544  10.172  10.1735 ...  8.0655  9.0315  8.015 ],[7.5475 7.5475 7.5475 ... 7.5475 7.5475 7.5475],[21.088 20.344 20.347 ... 16.131 18.063 16.03 ],"[34.08615624 34.2636649  36.46567104 ... 29.56530282 28.34745861
 25.87132518]",[15.095 15.095 15.095 ... 15.095 15.095 15.095],0,0,0,0,[-0. -0. -0. ... -0. -0. -0.],0.0,0.0,[18.0915 17.7195 17.721  ... 15.613  16.579  15.5625],94800.0,-13.0,-16.0,65296.3355,0.0,0,65256.19399999998,0.0,0.0,35776.446547103886,1.368500000000001,0.0,0,7.5474999999999985,0.0,0.0,21.8450939872,0.0,0.0,0,6.2335,0.0,0.0,21.75941636,Referansesituasjon
3,35,A,P1,,,OMT64,562856,Studenthjem/studentboliger,Hus,Eldre,1672,0,5,10.731653,59.963381,False,False,False,False,False,False,True,[11.55  9.85  9.6  ... 10.4  12.45 12.35],[6.85 6.85 6.85 ... 6.85 6.85 6.85],[23.1 19.7 19.2 ... 20.8 24.9 24.7],"[34.08615624 34.2636649  36.46567104 ... 29.56530282 28.34745861
 25.87132518]",[13.7 13.7 13.7 ... 13.7 13.7 13.7],0,0,0,0,0,0.0,0.0,[18.4  16.7  16.45 ... 17.25 19.3  19.2 ],120100.0,7.0,8.0,60086.888499999994,0.0,0,59968.56149999998,0.0,0.0,0.0,0.45000000000000023,0.0,0,6.8500000000000005,0.0,0.0,0.0,0.8115000000000006,0.0,0,6.8500000000000005,0.0,0.0,0.0,Referansesituasjon
4,38,A,E,,,OMT58,562857,Studenthjem/studentboliger,Hus,Eldre,1616,0,4,10.731008,59.963362,True,True,False,False,False,True,True,[12.35 11.35 10.75 ... 11.55 11.15  9.65],[6.9 6.9 6.9 ... 6.9 6.9 6.9],[24.7 22.7 21.5 ... 23.1 22.3 19.3],"[34.08615624 34.2636649  36.46567104 ... 29.56530282 28.34745861
 25.87132518]",[13.8 13.8 13.8 ... 13.8 13.8 13.8],[3.52857143 3.24285714 3.07142857 ... 3.3        3.18571429 2.75714286],"[-8.82142857 -8.10714286 -7.67857143 ... -8.25       -7.96428571
 -6.89285714]",[0. 0. 0. ... 0. 0. 0.],0,[-0. -0. -0. ... -0. -0. -0.],497.0,298200.0,"[10.42857143 10.14285714  9.97142857 ... 10.2        10.08571429
  9.65714286]",28000.0,-22.0,-21.0,55646.75,39747.678571428565,0,55284.90000000001,15899.071428571428,0.0,43222.740445663796,0.0,0.0,0,4.3,0.0,0.0,26.391800152,0.0,0.0,0,4.8,0.0,0.0,26.2882901,Referansesituasjon
5,40,A,P1,,,OMT56,562858,Studenthjem/studentboliger,Hus,Eldre,1616,0,4,10.730362,59.963353,True,False,False,False,False,True,True,[13.7  13.4  12.95 ... 10.75 11.15 12.25],[6.7 6.7 6.7 ... 6.7 6.7 6.7],[27.4 26.8 25.9 ... 21.5 22.3 24.5],"[34.08615624 34.2636649  36.46567104 ... 29.56530282 28.34745861
 25.87132518]",[13.4 13.4 13.4 ... 13.4 13.4 13.4],[3.91428571 3.82857143 3.7        ... 3.07142857 3.18571429 3.5       ],"[-9.78571429 -9.57142857 -9.25       ... -7.67857143 -7.96428571
 -8.75      ]",[0. 0. 0. ... 0. 0. 0.],0,0,490.0,294000.0,"[10.61428571 10.52857143 10.4        ...  9.77142857  9.88571429
 10.2       ]",70300.0,5.0,4.0,54915.899999999994,39225.64285714286,0,54637.700000000004,15690.257142857143,0.0,0.0,0.0,0.0,0,4.85,0.0,0.0,0.0,0.0,0.0,0,4.5,0.0,0.0,0.0,Referansesituasjon
6,42,A,E,,,OMT52,562859,Studenthjem/studentboliger,Hus,Eldre,1616,0,4,10.730433,59.963675,True,True,False,False,False,True,True,[16.05 15.5  15.4  ... 11.2  11.2  11.6 ],[6.35 6.35 6.35 ... 6.35 6.35 6.35],[32.1 31.  30.8 ... 22.4 22.4 23.2],"[34.08615624 34.2636649  36.46567104 ... 29.56530282 28.34745861
 25.87132518]",[12.7 12.7 12.7 ... 12.7 12.7 12.7],[4.58571429 4.42857143 4.4        ... 3.2        3.2        3.31428571],"[-11.46428571 -11.07142857 -11.         ...  -8.          -8.
  -8.28571429]",[0. 0. 0. ... 0. 0. 0.],0,[-0. -0. -0. ... -0. -0. -0.],470.0,282000.0,"[10.93571429 10.77857143 10.75       ...  9.55        9.55
  9.66428571]",24100.0,-22.0,-22.0,52683.40000000001,37631.0,0,52259.84999999999,15052.400000000001,0.0,43222.740445663796,0.0,0.0,0,4.2,0.0,0.0,26.391800152,0.0,0.0,0,4.75,0.0,0.0,26.2882901,Referansesituasjon
7,44,A,P2,,,OMT54,562860,Studenthjem/studentboliger,Hus,Eldre,1616,0,4,10.73106,59.963685,False,False,False,False,False,False,True,[9.275 7.875 7.15  ... 7.5   8.175 8.775],[5.425 5.425 5.425 ... 5.425 5.425 5.425],[18.55 15.75 14.3  ... 15.   16.35 17.55],"[34.08615624 34.2636649  36.46567104 ... 29.56530282 28.34745861
 25.87132518]",[10.85 10.85 10.85 ... 10.85 10.85 10.85],0,0,0,0,0,0.0,0.0,[14.7   13.3   12.575 ... 12.925 13.6   14.2  ],91100.0,4.0,4.0,45670.2,0.0,0,45393.09999999999,0.0,0.0,0.0,0.0,0.0,0,4.1,0.0,0.0,0.0,0.0,0.0,0,3.6999999999999997,0.0,0.0,0.0,Referansesituasjon
8,46,A,P2,,,OMT60,562861,Studenthjem/studentboliger,Hus,Eldre,1672,0,5,10.731766,59.963828,False,True,False,False,False,False,True,[6.43112428 5.48455187 5.34535005 ... 5.79079589 6.93225084 6.87657011],[3.81412998 3.81412998 3.81412998 ... 3.81412998 3.81412998 3.81412998],"[12.86224855 10.96910374 10.6907001  ... 11.58159177 13.86450169
 13.75314023]","[34.08615624 34.2636649  36.46567104 ... 29.56530282 28.34745861
 25.87132518]",[7.62825996 7.62825996 7.62825996 ... 7.62825996 7.62825996 7.62825996],0,0,0,0,[-0. -0. -0. ... -0. -0. -0.],0.0,0.0,"[10.24525426  9.29868185  9.15948003 ...  9.60492587 10.74638083
 10.6907001 ]",31100.0,-18.0,-17.0,33456.81795013744,0.0,0,33390.93261314606,0.0,0.0,35776.446547103886,0.25056328349506485,0.0,0,3.814129982091541,0.0,0.0,21.8450939872,0.4518491212361,0.0,0,3.814129982091541,0.0,0.0,21.75941636,Referansesituasjon
9,58,A,E,,,OMT6,592797,Studenthjem/studentboliger,Hus,Eldre,1969,0,5,10.732976,59.964701,False,False,False,False,False,False,True,[1.7 1.7 1.7 ... 0.5 0.  0. ],[1.4 1.4 1.4 ... 1.4 1.1 1.2],[3.4 3.4 3.4 ... 1.  0.  0. ],"[38.95560713 39.15847417 41.67505262 ... 33.78891751 32.39709556
 29.56722878]",[2.8 2.8 2.8 ... 2.8 2.2 2.4],0,0,0,0,0,0.0,0.0,[3.1 3.1 3.1 ... 1.9 1.1 1.2],23600.0,2.0,1.0,11852.0,0.0,0,11706.8,0.0,0.0,0.0,1.0,0.0,0,1.4,0.0,0.0,0.0,0.0,0.0,0,0.7,0.0,0.0,0.0,Referansesituasjon
10,60,A,P1,,,OMT8-10,592798,Studenthjem/studentboliger,Hus,Eldre,7807,0,10,10.732541,59.964932,False,False,False,False,False,False,True,[28.8 29.2 27.9 ... 32.5 29.8  8.4],[25.3 25.3 25.3 ... 25.3 25.3 25.3],[57.6 58.4 55.8 ... 65.  59.6 16.8],"[149.87106666 150.65154222 160.33339095 ... 129.99363844 124.63898332
 113.75184321]",[50.6 50.6 50.6 ... 50.6 50.6 50.6],0,0,0,0,0,0.0,0.0,[54.1 54.5 53.2 ... 57.8 55.1 33.7],439000.0,36.0,23.0,219980.2,0.0,0,218970.00000000003,0.0,0.0,0.0,10.2,0.0,0,25.3,0.0,0.0,0.0,0.0,0.0,0,22.6,0.0,0.0,0.0,Referansesituasjon
11,64,A,E,,,OMT18,593922,Studenthjem/studentboliger,Hus,Eldre,1991,0,5,10.73141,59.965243,False,False,False,False,False,False,True,[16.75 17.25 16.2  ... 11.95 12.1  10.65],[8.05 8.05 8.05 ... 8.05 8.05 8.05],[33.5 34.5 32.4 ... 23.9 24.2 21.3],"[44.36615543 44.59719869 47.46330497 ... 38.48186375 36.8967315
 33.67382423]",[16.1 16.1 16.1 ... 16.1 16.1 16.1],0,0,0,0,0,0.0,0.0,[24.8  25.3  24.25 ... 20.   20.15 18.7 ],131900.0,5.0,6.0,66257.2,0.0,0,65625.84999999999,0.0,0.0,0.0,0.0,0.0,0,5.3,0.0,0.0,0.0,0.0,0.0,0,5.8,0.0,0.0,0.0,Referansesituasjon
12,65,A,P1,,,OMT24,593923,Studenthjem/studentboliger,Hus,Eldre,2164,0,5,10.730378,59.965032,True,False,False,False,False,True,True,[17.35 17.4  16.45 ... 25.45 25.25 24.65],[11.1 11.1 11.1 ... 11.1 11.1 11.1],[34.7 34.8 32.9 ... 50.9 50.5 49.3],"[44.36615543 44.59719869 47.46330497 ... 38.48186375 36.8967315
 33.67382423]",[22.2 22.2 22.2 ... 22.2 22.2 22.2],[4.95714286 4.97142857 4.7        ... 7.27142857 7.21428571 7.04285714],"[-12.39285714 -12.42857143 -11.75       ... -18.17857143 -18.03571429
 -17.60714286]",[0. 0. 0. ... 0. 0. 0.],0,0,817.0,490200.0,"[16.05714286 16.07142857 15.8        ... 18.37142857 18.31428571
 18.14285714]",117500.0,8.0,9.0,91491.85,65351.321428571435,0,91387.04999999997,26140.52857142857,0.0,0.0,0.0,0.0,0,8.35,0.0,0.0,0.0,0.0,0.0,0,9.45,0.0,0.0,0.0,Referansesituasjon
13,71,A,E,,,OMT26,593932,Studenthjem/studentboliger,Hus,Eldre,2164,0,5,10.729364,59.964821,True,True,False,False,False,True,True,[20.4 18.9 18.7 ...  7.   6.7  6.6],[8.1 8.1 8.1 ... 8.1 8.1 8.1],[40.8 37.8 37.4 ... 14.  13.4 13.2],"[44.36615543 44.59719869 47.46330497 ... 38.48186375 36.8967315
 33.67382423]",[16.2 16.2 16.2 ... 16.2 16.2 16.2],[5.82857143 5.4        5.34285714 ... 2.         1.91428571 1.88571429],"[-14.57142857 -13.5        -13.35714286 ...  -5.          -4.78571429
  -4.71428571]",[0. 0. 0. ... 0. 0. 0.],0,[-0. -0. -0. ... -0. -0. -0.],611.0,366600.0,"[13.92857143 13.5        13.44285714 ... 10.1        10.01428571
  9.98571429]",40800.0,-23.0,-22.0,68394.79999999999,48853.428571428565,0,67514.4,19541.371428571427,0.0,46303.96550713686,0.0,0.0,0,5.5,0.0,0.0,28.273195806399997,0.0,0.0,0,6.4,0.0,0.0,28.16230682,Referansesituasjon
14,72,A,P2,,,OMT34-36,593933,Studenthjem/studentboliger,Hus,Eldre,3605,0,5,10.728414,59.964115,True,False,False,False,False,True,True,[29.6 28.4 26.8 ... 24.8 25.  24.9],[14.8 14.8 14.8 ... 14.8 14.8 14.8],[59.2 56.8 53.6 ... 49.6 50.  49.8],"[77.91135618 78.31709099 83.35025705 ... 67.57795811 64.79430913
 59.13456526]",[29.6 29.6 29.6 ... 29.6 29.6 29.6],[8.45714286 8.11428571 7.65714286 ... 7.08571429 7.14285714 7.11428571],"[-21.14285714 -20.28571429 -19.14285714 ... -17.71428571 -17.85714286
 -17.78571429]",[0. 0. 0. ... 0. 0. 0.],0,0,1114.0,668400.0,"[23.25714286 22.91428571 22.45714286 ... 21.88571429 21.94285714
 21.91428571]",159500.0,12.0,10.0,124786.79999999999,89133.42857142857,0,123887.20000000001,35653.37142857143,0.0,0.0,0.0,0.0,0,11.5,0.0,0.0,0.0,0.0,0.0,0,10.3,0.0,0.0,0.0,Referansesituasjon
15,73,A,P1,,,OMT32,593934,Barnehage,Barnehage,Eldre,561,0,2,10.728939,59.964233,False,False,False,False,False,False,True,[1.32 1.38 1.5  ... 0.6  0.66 0.78],[2.88 2.88 2.88 ... 2.88 2.88 2.88],[2.64 2.76 3.   ... 1.2  1.32 1.56],"[13.93194043 13.46267828 13.49336503 ... 16.31573125 14.81938127
 14.9984107 ]",[5.76 5.76 5.76 ... 5.76 5.76 5.76],0,0,0,0,0,0.0,0.0,[4.2  4.26 4.38 ... 3.48 3.54 3.66],42000.0,6.0,3.0,21306.66,0.0,0,20722.02,0.0,0.0,0.0,2.7,0.0,0,2.88,0.0,0.0,0.0,0.54,0.0,0,2.88,0.0,0.0,0.0,Referansesituasjon
16,74,A,E,,,OMT46,593935,Studenthjem/studentboliger,Hus,Eldre,2164,0,5,10.729544,59.963812,False,False,False,False,False,False,True,[18.95 19.9  18.7  ... 16.1  14.9  14.15],[8.75 8.75 8.75 ... 8.75 8.75 8.75],[37.9 39.8 37.4 ... 32.2 29.8 28.3],"[44.36615543 44.59719869 47.46330497 ... 38.48186375 36.8967315
 33.67382423]",[17.5 17.5 17.5 ... 17.5 17.5 17.5],0,0,0,0,0,0.0,0.0,[27.7  28.65 27.45 ... 24.85 23.65 22.9 ],147800.0,6.0,8.0,74121.25,0.0,0,73685.45,0.0,0.0,0.0,0.0,0.0,0,6.2,0.0,0.0,0.0,0.0,0.0,0,7.6,0.0,0.0,0.0,Referansesituasjon
17,75,A,P2,,,OMT20-22,593936,Studenthjem/studentboliger,Hus,Eldre,3156,0,4,10.73046,59.964537,False,False,False,False,False,False,True,[36.2 35.  33.2 ... 35.6 33.2 32.1],[18.6 18.6 18.6 ... 18.6 18.6 18.6],[72.4 70.  66.4 ... 71.2 66.4 64.2],"[80.07546197 80.49246668 85.66543654 ... 69.45503814 66.5940691
 60.77711728]",[37.2 37.2 37.2 ... 37.2 37.2 37.2],0,0,0,0,0,0.0,0.0,[54.8 53.6 51.8 ... 54.2 51.8 50.7],316700.0,14.0,16.0,158766.8,0.0,0,157913.09999999998,0.0,0.0,0.0,0.0,0.0,0,14.399999999999999,0.0,0.0,0.0,0.0,0.0,0,15.9,0.0,0.0,0.0,Referansesituasjon
18,76,A,E,,,OMT16,593937,Barnehage,Barnehage,Eldre,562,0,2,10.730984,59.964629,True,False,False,False,False,True,True,[3.975 4.    4.025 ... 2.125 2.275 2.425],[3.325 3.325 3.325 ... 3.325 3.325 3.325],[7.95 8.   8.05 ... 4.25 4.55 4.85],"[13.93194043 13.46267828 13.49336503 ... 16.31573125 14.81938127
 14.9984107 ]",[6.65 6.65 6.65 ... 6.65 6.65 6.65],[1.13571429 1.14285714 1.15       ... 0.60714286 0.65       0.69285714],"[-2.83928571 -2.85714286 -2.875      ... -1.51785714 -1.625
 -1.73214286]",[0. 0. 0. ... 0. 0. 0.],0,0,208.0,124800.0,[4.46071429 4.46785714 4.475      ... 3.93214286 3.975      4.01785714],32300.0,3.0,2.0,24570.25,16664.803571428572,0,24386.375,6665.921428571428,1239.5250000000005,0.0,0.0,0.0,0,2.775,0.0,0.0,0.0,0.0,0.0,0,1.775,0.0,0.0,0.0,Referansesituasjon
19,77,A,P1,,,OMT12-14,593938,Studenthjem/studentboliger,Hus,Eldre,9945,0,13,10.731491,59.96473,False,True,False,False,False,False,True,[0. 0. 0. ... 0. 0. 0.],[48.   47.4  48.3  ... 49.35 49.2  49.5 ],[0. 0. 0. ... 0. 0. 0.],"[177.46462171 178.38879476 189.85321989 ... 153.92745501 147.586926
 134.69529693]",[96.  94.8 96.6 ... 98.7 98.4 99. ],0,0,0,0,[-0. -0. -0. ... -0. -0. -0.],0.0,0.0,[48.   47.4  48.3  ... 49.35 49.2  49.5 ],320000.0,-17.0,-19.0,9.600000000000009,0.0,0,401838.75,0.0,0.0,81845.04069537821,0.0,0.0,0,32.7,0.0,0.0,49.974572069999994,0.0,0.0,0,31.05,0.0,0.0,49.778569125000004,Referansesituasjon
20,78,A,E,,,OMT50,593939,Studenthjem/studentboliger,Hus,Eldre,2130,0,5,10.731572,59.964226,False,True,False,False,False,False,True,[15.1 14.4 14.  ... 19.  17.7 15.9],[9.4 9.4 9.4 ... 9.4 9.4 9.4],[30.2 28.8 28.  ... 38.  35.4 31.8],"[45.44820832 45.68488653 48.62089472 ... 39.42040376 37.79661148
 34.49510024]",[18.8 18.8 18.8 ... 18.8 18.8 18.8],0,0,0,0,[-0. -0. -0. ... -0. -0. -0.],0.0,0.0,[24.5 23.8 23.4 ... 28.4 27.1 25.3],115100.0,-20.0,-21.0,80995.70000000001,0.0,0,79717.50000000001,0.0,0.0,45576.454034289054,0.0,0.0,0,8.0,0.0,0.0,27.828977388,0.0,0.0,0,7.199999999999999,0.0,0.0,27.719830650000002,Referansesituasjon
21,79,A,P1,,,OMT48,593941,Studenthjem/studentboliger,Hus,Eldre,2164,0,5,10.730559,59.964033,True,False,False,False,False,True,True,[15.3  14.6  14.   ... 13.8  12.45 12.3 ],[8.3 8.3 8.3 ... 8.3 8.3 8.3],[30.6 29.2 28.  ... 27.6 24.9 24.6],"[44.36615543 44.59719869 47.46330497 ... 38.48186375 36.8967315
 33.67382423]",[16.6 16.6 16.6 ... 16.6 16.6 16.6],[4.37142857 4.17142857 4.         ... 3.94285714 3.55714286 3.51428571],"[-10.92857143 -10.42857143 -10.         ...  -9.85714286  -8.89285714
  -8.78571429]",[0. 0. 0. ... 0. 0. 0.],0,0,629.0,377400.0,"[12.67142857 12.47142857 12.3        ... 12.24285714 11.85714286
 11.81428571]",90500.0,7.0,8.0,70429.5,50306.78571428571,0,70343.29999999999,20122.714285714283,0.0,0.0,0.0,0.0,0,6.549999999999999,0.0,0.0,0.0,0.0,0.0,0,7.9,0.0,0.0,0.0,Referansesituasjon
22,100,A,P1,,,OMT2-4,4285839,Studenthjem/studentboliger,Hus,Eldre,11503,0,14,10.733375,59.964454,True,True,False,False,False,True,True,[0. 0. 0. ... 0. 0. 0.],[54.15 53.85 52.2  ... 55.05 54.   50.85],[0. 0. 0. ... 0. 0. 0.],[214.24591  215.361627 229.202167 ... 185.830434 178.175768 162.612222],[108.3 107.7 104.4 ... 110.1 108.  101.7],[0. 0. 0. ... 0. 0. 0.],[-0. -0. -0. ... -0. -0. -0.],[0. 0. 0. ... 0. 0. 0.],0,[-0. -0. -0. ... -0. -0. -0.],0.0,0.0,[54.15 53.85 52.2  ... 55.05 54.   50.85],380700.0,-9.0,-17.0,10.050000000000026,7.1785714285714475,0,468647.4,2.871428571428579,0.0,87905.08899336467,0.0,0.0,0,44.4,0.0,0.0,53.67483683671428,0.0,0.0,0,36.3,0.0,0.0,53.46432125535714,Referansesituasjon
23,111,A,E,,,OMT68,5614767,Studenthjem/studentboliger,Hus,Eldre,6484,0,9,10.733078,59.963358,True,False,False,False,False,True,True,[0. 0. 0. ... 0. 0. 0.],[33.5 34.6 33.2 ... 34.6 33.4 33.7],[0. 0. 0. ... 0. 0. 0.],"[128.22901539 128.8967868  137.18053334 ... 111.22197657 106.64055756
  97.3255691 ]",[67.  69.2 66.4 ... 69.2 66.8 67.4],[0. 0. 0. ... 0. 0. 0.],[-0. -0. -0. ... -0. -0. -0.],[0. 0. 0. ... 0. 0. 0.],0,0,0.0,0.0,[33.5 34.6 33.2 ... 34.6 33.4 33.7],301900.0,26.0,23.0,17.000000000000007,12.14285714285715,0,301886.39999999997,4.857142857142859,0.0,0.0,0.0,0.0,0,26.199999999999996,0.0,0.0,0.0,0.0,0.0,0,22.7,0.0,0.0,0.0,Referansesituasjon
24,113,A,P1,,,OMT70,5615545,Studenthjem/studentboliger,Hus,Eldre,5106,0,11,10.733679,59.96386,True,True,False,False,False,True,False,[48.507 38.295 45.954 ... 66.378 61.272 61.272],[10.212  7.659  5.106 ... 17.871 15.318 12.765],[ 91.908  76.59   91.908 ... 122.544 112.332 117.438],[ 5.106  0.     0.    ... 10.212 10.212  5.106],[20.424 15.318 10.212 ... 35.742 30.636 25.53 ],"[13.85914286 10.94142857 13.12971429 ... 18.96514286 17.50628571
 17.50628571]","[-34.64785714 -27.35357143 -32.82428571 ... -47.41285714 -43.76571429
 -43.76571429]",[0. 0. 0. ... 0. 0. 0.],0,[-0. -0. -0. ... -0. -0. -0.],3358.0,2014800.0,"[24.07114286 18.60042857 18.23571429 ... 36.83614286 32.82428571
 30.27128571]",149400.0,-18.0,-18.0,376148.80799999996,268677.72,0,91560.792,107471.088,0.0,49661.411502151066,15.318000000000001,10.941428571428572,0,7.659000000000001,4.376571428571429,0.0,30.32325192981818,15.318000000000001,10.941428571428572,0,7.659000000000001,4.376571428571429,0.0,30.204322513636367,Referansesituasjon
25,114,A,P1,,,OMT40,5734422,Studenthjem/studentboliger,Hus,Eldre,1307,0,4,10.728471,59.963463,False,True,False,False,False,False,True,[4.14554582 3.13219018 7.36985924 ... 6.44862683 5.06677822 4.26837681],[6.7557043 6.7557043 6.7557043 ... 6.7557043 6.7557043 6.7557043],"[ 8.29109164  6.26438035 14.73971847 ... 12.89725366 10.13355645
  8.53675361]","[44.36615543 44.59719869 47.46330497 ... 38.48186375 36.8967315
 33.67382423]",[13.6114086 13.5114086 13.5114086 ... 13.5114086 13.6114086 13.5114086],0,0,0,0,[-0. -0. -0. ... -0. -0. -0.],0.0,0.0,"[10.90125012  9.88789447 14.12556354 ... 13.20433113 11.82248252
 11.02408111]",73900.0,-19.0,-20.0,54534.747386525174,0.0,0,54359.25261347469,0.0,0.0,34957.99614015011,0.0,0.0,0,1.903880302559879,0.0,0.0,21.345348266499997,0.0,0.0,0,1.2283098726192767,0.0,0.0,21.26163066875,Referansesituasjon
26,115,A,E,,,OMT38,5734455,Studenthjem/studentboliger,Hus,Eldre,2983,0,5,10.728844,59.963669,False,False,False,False,False,False,True,[4.14554582 3.13219018 7.36985924 ... 6.44862683 5.06677822 4.26837681],[6.7557043 6.7557043 6.7557043 ... 6.7557043 6.7557043 6.7557043],"[ 8.29109164  6.26438035 14.73971847 ... 12.89725366 10.13355645
  8.53675361]","[44.36615543 44.59719869 47.46330497 ... 38.48186375 36.8967315
 33.67382423]",[13.5114086 13.5114086 13.5114086 ... 13.5114086 13.5114086 13.5114086],0,0,0,0,0,0.0,0.0,"[10.90125012  9.88789447 14.12556354 ... 13.20433113 11.82248252
 11.02408111]",108900.0,2.0,1.0,54534.747386525174,0.0,0,54359.25261347469,0.0,0.0,0.0,0.0,0.0,0,1.903880302559879,0.0,0.0,0.0,0.0,0.0,0,1.2283098726192767,0.0,0.0,0.0,Referansesituasjon
27,116,A,P1,,,OMT42,5734456,Studenthjem/studentboliger,Hus,Eldre,1816,0,5,10.729232,59.963347,True,False,False,False,False,True,True,[4.14554582 3.13219018 7.36985924 ... 6.44862683 5.06677822 4.26837681],[6.7557043 6.7557043 6.7557043 ... 6.7557043 6.7557043 6.7557043],"[ 8.29109164  6.26438035 14.73971847 ... 12.89725366 10.13355645
  8.53675361]","[44.36615543 44.59719869 47.46330497 ... 38.48186375 36.8967315
 33.67382423]",[13.6114086 13.5114086 13.5114086 ... 13.5114086 13.5114086 13.6114086],[1.18444166 0.89491148 2.10567407 ... 1.84246481 1.44765092 1.21953623],"[-2.96110416 -2.2372787  -5.26418517 ... -4.60616202 -3.6191273
 -3.04884058]",[0. 0. 0. ... 0. 0. 0.],0,0,487.0,292200.0,[7.94014596 7.65061578 8.86137837 ... 8.59816911 8.20335522 7.97524053],69900.0,2.0,1.0,54534.747386525174,38953.39099037512,0,54359.25261347469,15581.356396150046,0.0,0.0,0.0,0.0,0,1.903880302559879,0.0,0.0,0.0,0.0,0.0,0,1.2283098726192767,0.0,0.0,0.0,Referansesituasjon
28,122,A,P1,,,OMT30A,6029002,Studenthjem/studentboliger,Hus,Eldre,4075,0,7,10.730766,59.965354,False,False,False,False,False,False,False,[38.7125 30.5625 36.675  ... 52.975  48.9    48.9   ],[ 8.15    6.1125  4.075  ... 14.2625 12.225  10.1875],[73.35  61.125 73.35  ... 97.8   89.65  93.725],[4.075 0.    0.    ... 8.15  8.15  4.075],[16.3   12.225  8.15  ... 28.525 24.45  20.375],0,0,0,0,0,0.0,0.0,[46.8625 36.675  40.75   ... 67.2375 61.125  59.0875],373300.0,18.0,18.0,300197.1,0.0,0,73072.90000000001,0.0,0.0,0.0,12.225000000000001,0.0,0,6.1125,0.0,0.0,0.0,12.225000000000001,0.0,0,6.1125,0.0,0.0,0.0,Referansesituasjon
29,123,A,P2,,,OMT30B,6029032,Studenthjem/studentboliger,Hus,Eldre,2725,0,6,10.729925,59.965552,False,False,False,False,False,False,False,[25.8875 20.4375 24.525  ... 35.425  32.7    32.7   ],[5.45   4.0875 2.725  ... 9.5375 8.175  6.8125],[49.05  40.875 49.05  ... 65.4   59.95  62.675],[2.725 0.    0.    ... 5.45  5.45  2.725],[10.9    8.175  5.45  ... 19.075 16.35  13.625],0,0,0,0,0,0.0,0.0,[31.3375 24.525  27.25   ... 44.9625 40.875  39.5125],249600.0,12.0,12.0,200745.3,0.0,0,48864.700000000004,0.0,0.0,0.0,8.175,0.0,0,4.0875,0.0,0.0,0.0,8.175,0.0,0,4.0875,0.0,0.0,0.0,Referansesituasjon
30,124,A,P1,,,OMT28A,6029336,Studenthjem/studentboliger,Hus,Eldre,5150,0,6,10.728655,59.965029,False,False,False,False,False,False,False,[48.925 38.625 46.35  ... 66.95  61.8   61.8  ],[10.3    7.725  5.15  ... 18.025 15.45  12.875],[ 92.7   77.25  92.7  ... 123.6  113.3  118.45],[ 5.15  0.    0.   ... 10.3  10.3   5.15],[20.6  15.45 10.3  ... 36.05 30.9  25.75],0,0,0,0,0,0.0,0.0,[59.225 46.35  51.5   ... 84.975 77.25  74.675],471700.0,23.0,23.0,379390.2,0.0,0,92349.80000000002,0.0,0.0,0.0,15.450000000000003,0.0,0,7.725000000000001,0.0,0.0,0.0,15.450000000000003,0.0,0,7.725000000000001,0.0,0.0,0.0,Referansesituasjon
31,125,A,P2,,,OMT30D,6029352,Studenthjem/studentboliger,Hus,Eldre,4805,0,7,10.729002,59.96561,True,True,False,False,False,True,False,[45.6475 36.0375 43.245  ... 62.465  57.66   57.66  ],[ 9.61    7.2075  4.805  ... 16.8175 14.415  12.0125],[ 86.49   72.075  86.49  ... 115.32  105.71  110.515],[4.805 0.    0.    ... 9.61  9.61  4.805],[19.22  14.415  9.61  ... 33.635 28.83  24.025],"[13.04214286 10.29642857 12.35571429 ... 17.84714286 16.47428571
 16.47428571]","[-32.60535714 -25.74107143 -30.88928571 ... -44.61785714 -41.18571429
 -41.18571429]",[0. 0. 0. ... 0. 0. 0.],0,[-0. -0. -0. ... -0. -0. -0.],3160.0,1896000.0,"[22.65214286 17.50392857 17.16071429 ... 34.66464286 30.88928571
 28.48678571]",113900.0,-34.0,-33.0,353974.74,252839.09999999998,0,86163.26,101135.64,0.0,73438.92073600231,14.415,10.29642857142857,0,7.207500000000001,4.118571428571428,0.0,44.84179622714286,14.415,10.29642857142857,0,7.207500000000001,4.118571428571428,0.0,44.66592430357143,Referansesituasjon
32,127,A,P2,,,OMT30E,6029364,Studenthjem/studentboliger,Hus,Eldre,1258,0,4,10.72839,59.965418,False,True,False,False,False,False,False,[11.951  9.435 11.322 ... 16.354 15.096 15.096],[2.516 1.887 1.258 ... 4.403 3.774 3.145],[22.644 18.87  22.644 ... 30.192 27.676 28.934],[1.258 0.    0.    ... 2.516 2.516 1.258],[5.032 3.774 2.516 ... 8.806 7.548 6.29 ],0,0,0,0,[-0. -0. -0. ... -0. -0. -0.],0.0,0.0,[14.467 11.322 12.58  ... 20.757 18.87  18.241],81600.0,-15.0,-15.0,92674.344,0.0,0,22558.456,0.0,0.0,33647.40561921105,3.7739999999999996,0.0,0,1.8869999999999998,0.0,0.0,20.545101851,3.7739999999999996,0.0,0,1.8869999999999998,0.0,0.0,20.4645228625,Referansesituasjon
33,128,A,P2,,,OMT28B,6029368,Studenthjem/studentboliger,Hus,Eldre,2315,0,4,10.728148,59.964761,False,True,False,False,False,False,False,[21.9925 17.3625 20.835  ... 30.095  27.78   27.78  ],[4.63   3.4725 2.315  ... 8.1025 6.945  5.7875],[41.67  34.725 41.67  ... 55.56  50.93  53.245],[2.315 0.    0.    ... 4.63  4.63  2.315],[ 9.26   6.945  4.63  ... 16.205 13.89  11.575],0,0,0,0,[-0. -0. -0. ... -0. -0. -0.],0.0,0.0,[26.6225 20.835  23.15   ... 38.1975 34.725  33.5675],150100.0,-27.0,-27.0,170541.42,0.0,0,41512.58,0.0,0.0,61918.7154280394,6.945000000000001,0.0,0,3.4725000000000006,0.0,0.0,37.807560242499996,6.945000000000001,0.0,0,3.4725000000000006,0.0,0.0,37.65927696875,Referansesituasjon
34,129,A,P1,,,OMT28C,6029373,Studenthjem/studentboliger,Hus,Eldre,2130,0,5,10.728633,59.964576,False,True,False,False,False,False,False,[20.235 15.975 19.17  ... 27.69  25.56  25.56 ],[4.26  3.195 2.13  ... 7.455 6.39  5.325],[38.34 31.95 38.34 ... 51.12 46.86 48.99],[2.13 0.   0.   ... 4.26 4.26 2.13],[ 8.52  6.39  4.26 ... 14.91 12.78 10.65],0,0,0,0,[-0. -0. -0. ... -0. -0. -0.],0.0,0.0,[24.495 19.17  21.3   ... 35.145 31.95  30.885],149500.0,-18.0,-18.0,156912.84,0.0,0,38195.159999999996,0.0,0.0,45576.454034289054,6.39,0.0,0,3.195,0.0,0.0,27.828977388,6.39,0.0,0,3.195,0.0,0.0,27.719830650000002,Referansesituasjon
35,131,A,P1,,,Utenfor,540329,Barnehage,Barnehage,Eldre,557,0,2,10.734331,59.96286,False,True,False,False,False,False,False,[3.6205 3.6205 3.6205 ... 4.7345 4.1775 4.456 ],[1.114  1.3925 1.3925 ... 1.114  1.114  1.114 ],[6.684 6.684 6.684 ... 8.912 7.798 8.355],[0.557 0.557 0.557 ... 0.557 0.557 0.557],[2.228 2.785 2.785 ... 2.228 2.228 2.228],0,0,0,0,[-0. -0. -0. ... -0. -0. -0.],0.0,0.0,[4.7345 5.013  5.013  ... 5.8485 5.2915 5.57  ],19000.0,-14.0,-14.0,31847.589,0.0,0,19588.576,0.0,0.0,32398.091958553898,1.3925,0.0,0,5.013,0.0,0.0,20.2105001985,1.9495000000000002,0.0,0,4.456,0.0,0.0,20.492730706,Referansesituasjon
36,132,A,P2,,,BT4,0,Studenthjem/studentboliger,Hus,Eldre,10000,0,5,10.7314011,59.9649071,False,True,False,False,False,False,False,[ 95.  75.  90. ... 130. 120. 120.],[20. 15. 10. ... 35. 30. 25.],[180. 150. 180. ... 240. 220. 230.],[10.  0.  0. ... 20. 20. 10.],[40. 30. 20. ... 70. 60. 50.],0,0,0,0,[-0. -0. -0. ... -0. -0. -0.],0.0,0.0,[115.  90. 100. ... 165. 150. 145.],702000.0,-86.0,-85.0,736680.0,0.0,0,179320.0,0.0,0.0,213973.962602296,30.0,0.0,0,15.0,0.0,0.0,130.65247599999998,30.0,0.0,0,15.0,0.0,0.0,130.14005,Referansesituasjon
